﻿GUADALAJARA;40,534668;-3,2985719
AZUQUECA;40,56104;-3,265446
COSLADA;40,4241947;-3,5602359
MADRID-RECOLETOS;40,423371;-3,690995
PIRAMIDES;40,402516;-3,711374
MADRID-PRINCIPE PIO;40,421389;-3,718968
EMBAJADORES;40,404609;-3,702592
SOL;40,416856;-3,702904
ASAMBLEA DE MADRID-ENTREVIAS;40,3814976;-3,667215
VILLAVERDE ALTO;40,341622;-3,712565
VILLAVERDE BAJO;40,3555397;-3,6832514
SAN CRISTOBAL INDUSTRIAL;40,3320318;-3,6963666
SAN CRISTOBAL DE LOS ANGELES;40,3419854;-3,683232
ARAVACA;40,448345;-3,786191
CUATRO VIENTOS;40,377714;-3,791574
DOCE DE OCTUBRE;40,379224;-3,698976
VALLECAS;40,382264;-3,624931
EL POZO;40,3765168;-3,6564132
SANTA EUGENIA;40,3877971;-3,6087501
FUENCARRAL;40,5024656;-3,6817503
Mirasierra;40,499759;-3,709755
RAMON Y CAJAL;40,4880223;-3,6935145
PITIS;40,4956316;-3,7256015
MADRID-CHAMARTIN;40,4732797;-3,6818974
ORCASITAS;40,367081;-3,704244
PUENTE ALCOCER;40,350418;-3,705122
AEROPUERTO T-4;40,491691;-3,593988
FANJUL;40,38367;-3,768496
LAS AGUILAS;40,381009;-3,780187
MADRID-ATOCHA CERCANIAS;40,406556;-3,689508
MENDEZ ALVARO;40,395419;-3,678137
DELICIAS;40,400381;-3,692712
MENDEZ ALVARO;40,395735;-3,677847
MADRID-NUEVOS MINISTERIOS;40,446612;-3,692207
ALUCHE;40,385738;-3,760807
LAGUNA;40,399006;-3,744225
EL GOLOSO;40,558808;-3,713966
UNIVERSIDAD-CANTOBLANCO;40,543818;-3,700217
UNIVERSIDAD PONTIFICIA DE COMILLAS;40,55412;-3,683267
FUENTE DE LA MORA;40,484729;-3,662833
VICALVARO;40,401043;-3,5952733
VALDEBEBAS;40,48207;-3,616414
VALDELASFUENTES;40,547425;-3,654149
ALCOBENDAS SAN SEBASTIAN DE LOS REYES;40,546744;-3,635149
MAJADAHONDA;40,474347;-3,845334
POZUELO;40,447225;-3,800145
EL BARRIAL-CENTRO COMERCIAL-POZUELO;40,465299;-3,807828
LAS ROZAS;40,494215;-3,868181
PINAR DE LAS ROZAS;40,522282;-3,882258
TORRELODONES;40,574559;-3,956577
EL ESCORIAL;40,585279;-4,132418
LAS MATAS;40,552415;-3,896791
SAN YAGO;40,617864;-4,031106
LAS ZORRERAS-NAVALQUEJIGO;40,609265;-4,046336
ARANJUEZ;40,0347255;-3,6182069
PINTO;40,2429829;-3,7036534
VALDEMORO;40,1958184;-3,6646737
CIEMPOZUELOS;40,1590641;-3,610221
VILLALBA DE GUADARRAMA;40,626522;-4,00812
LOS NEGRALES;40,63856;-4,021915
GALAPAGAR-LA NAVATA;40,600159;-3,981913
ALPEDRETE;40,658096;-4,034996
COLLADO MEDIANO;40,692757;-4,035894
LOS MOLINOS-GUADARRAMA;40,706598;-4,067179
CERCEDILLA;40,737516;-4,066481
PUERTO DE NAVACERRADA;40,784445;-4,004772
TRES CANTOS;40,598596;-3,7156
COLMENAR VIEJO;40,645211;-3,776617
LA GARENA;40,4807624;-3,3919677
ALCALA DE HENARES;40,488976;-3,3664702
ALCALA DE HENARES-UNIVERSIDAD;40,5054503;-3,3353684
SAN FERNANDO DE HENARES;40,4424319;-3,5342411
TORREJON DE ARDOZ;40,4547456;-3,4797065
SOTO DEL HENARES;40,464383;-3,440614
MECO;40,534668;-3,2985719
GETAFE-SECTOR 3;40,288252;-3,737529
GETAFE-CENTRO;40,309974;-3,733989
LAS MARGARITAS;40,323041;-3,727278
GETAFE-INDUSTRIAL;40,3055338;-3,7073714
EL CASAR;40,3184029;-3,7092335
LEGANES;40,328633;-3,771162
PARQUE POLVORANCA;40,312544;-3,783546
ZARZAQUEMADA;40,3409732;-3,7482259
ALCORCON;40,350199;-3,831678
LAS RETAMAS;40,341869;-3,842311
SAN JOSE DE VALDERAS;40,356574;-3,815577
MOSTOLES;40,328724;-3,863478
MOSTOLES-EL SOTO;40,330971;-3,882441
FUENLABRADA;40,283135;-3,799565
LA SERNA-FUENLABRADA;40,296725;-3,792477
HUMANES;40,255565;-3,828334
PARLA;40,241032;-3,769312
LOS COTOS;40,822239;-3,964546
